City_ID,City,Country,Date,Lat,Lng,Max Temp,Humidity,Cloudiness,Wind Speed
0,Marsa Matruh,EG,2020-06-24 22:17:00,31.35,27.25,71.6,78,40,8.05
1,Khatanga,RU,2020-06-24 22:14:24,71.97,102.5,71.85,55,100,10.27
2,Codrington,AU,2020-06-24 22:14:20,-38.27,141.97,45.73,92,0,12.3
3,Banjar,ID,2020-06-24 22:17:00,-8.19,114.97,77.0,100,40,4.7
4,Bilibino,RU,2020-06-24 22:17:00,68.05,166.44,54.88,41,31,3.33
5,Atuona,PF,2020-06-24 22:17:01,-9.8,-139.03,79.2,69,35,14.79
6,Cap-Aux-Meules,CA,2020-06-24 22:14:26,47.38,-61.86,73.4,73,5,14.99
7,Kurtalan,TR,2020-06-24 22:17:01,37.93,41.7,60.8,72,0,4.7
8,Mocuba,MZ,2020-06-24 22:17:01,-16.84,36.99,62.74,98,5,3.11
9,Rikitea,PF,2020-06-24 22:15:00,-23.12,-134.97,70.59,55,97,9.8
10,Clinton,US,2020-06-24 22:17:01,42.59,-82.92,73.99,43,75,14.99
11,Mocajuba,BR,2020-06-24 22:17:01,-2.58,-49.51,79.3,80,86,3.11
12,Havelock,US,2020-06-24 22:12:30,34.88,-76.9,87.8,58,20,10.29
13,Dhidhdhoo,MV,2020-06-24 22:15:33,6.88,73.1,83.46,77,100,18.72
14,Mataura,NZ,2020-06-24 22:17:01,-46.19,168.86,45.88,85,53,7.52
15,Puerto Ayora,EC,2020-06-24 22:13:48,-0.74,-90.35,80.6,61,20,5.82
16,Tuatapere,NZ,2020-06-24 22:17:01,-46.13,167.68,44.85,85,100,4.79
17,Bengkulu,ID,2020-06-24 22:17:02,-3.8,102.27,77.0,69,100,2.98
18,Hervey Bay,AU,2020-06-24 22:17:02,-25.3,152.85,51.01,73,0,4.0
19,Ushuaia,AR,2020-06-24 22:14:12,-54.8,-68.3,35.6,100,75,8.05
20,New Norfolk,AU,2020-06-24 22:17:02,-42.78,147.06,50.0,94,92,2.39
21,Arraial Do Cabo,BR,2020-06-24 22:16:25,-22.97,-42.03,73.4,73,21,11.41
22,Marystown,CA,2020-06-24 22:17:02,47.17,-55.15,62.53,93,90,6.46
23,Jablah,SY,2020-06-24 22:17:02,35.36,35.93,69.8,83,40,6.93
24,Vaini,TO,2020-06-24 22:14:19,-21.2,-175.2,75.2,78,75,6.93
25,Pampa,US,2020-06-24 22:17:02,35.54,-100.96,93.2,26,1,14.99
26,Clyde River,CA,2020-06-24 22:17:02,70.47,-68.59,46.4,70,1,14.99
27,Georgetown,MY,2020-06-24 22:12:25,5.41,100.34,77.0,94,20,8.46
28,Carnarvon,AU,2020-06-24 22:17:02,-24.87,113.63,53.6,100,0,8.05
29,Bluff,NZ,2020-06-24 22:17:03,-46.6,168.33,48.76,84,69,18.7
30,Lasa,IT,2020-06-24 22:17:03,46.62,10.7,59.0,77,5,1.12
31,Padang,ID,2020-06-24 22:17:03,-0.95,100.35,79.2,59,98,4.5
32,Saint-Pierre,RE,2020-06-24 22:15:47,-21.34,55.48,68.0,77,2,6.93
33,Churapcha,RU,2020-06-24 22:12:48,62.0,132.43,67.96,51,0,6.31
34,Marawi,PH,2020-06-24 22:17:03,8.0,124.29,77.0,91,99,3.0
35,Dalaba,GN,2020-06-24 22:17:03,10.7,-12.25,64.54,100,55,2.42
36,Torbay,CA,2020-06-24 22:14:08,47.67,-52.73,77.0,69,75,14.99
37,Yellowknife,CA,2020-06-24 22:17:03,62.46,-114.35,71.6,35,75,11.41
38,Muzaffarabad,PK,2020-06-24 22:17:04,34.37,73.47,74.57,51,14,4.23
39,Paulo Afonso,BR,2020-06-24 22:17:04,-9.41,-38.21,71.2,91,28,7.07
40,Mount Gambier,AU,2020-06-24 22:14:57,-37.83,140.77,44.6,93,75,11.41
41,Coihaique,CL,2020-06-24 22:16:02,-45.58,-72.07,39.2,60,20,3.36
42,Bambous Virieux,MU,2020-06-24 22:14:36,-20.34,57.76,71.6,83,40,9.17
43,Luderitz,NA,2020-06-24 22:17:04,-26.65,15.16,64.4,38,0,4.7
44,Boa Vista,BR,2020-06-24 22:17:04,2.82,-60.67,80.6,74,75,8.05
45,Hilo,US,2020-06-24 22:14:05,19.73,-155.09,80.6,69,90,16.11
46,Hobart,AU,2020-06-24 22:14:28,-42.88,147.33,50.0,93,40,5.01
47,Mahebourg,MU,2020-06-24 22:17:05,-20.41,57.7,71.6,83,40,9.17
48,Bethel,US,2020-06-24 22:17:05,41.37,-73.41,84.99,34,1,13.87
49,Saskylakh,RU,2020-06-24 22:17:05,71.92,114.08,79.77,31,2,5.57
50,Maniitsoq,GL,2020-06-24 22:17:05,65.42,-52.9,40.08,85,33,10.18
51,Severo-Kurilsk,RU,2020-06-24 22:17:05,50.68,156.12,51.57,77,8,7.2
52,Kaitangata,NZ,2020-06-24 22:15:18,-46.28,169.85,46.99,92,94,15.99
53,Sept-Iles,CA,2020-06-24 22:17:05,50.2,-66.38,73.4,64,75,9.17
54,Cidreira,BR,2020-06-24 22:16:22,-30.18,-50.21,68.74,71,29,7.2
55,San Juan,AR,2020-06-24 22:12:25,-31.54,-68.54,45.52,74,100,11.23
56,Kyabe,TD,2020-06-24 22:17:05,9.45,18.94,75.61,80,91,4.85
57,Albany,US,2020-06-24 22:17:06,42.6,-73.97,84.0,33,1,10.07
58,Ribeira Grande,PT,2020-06-24 22:17:06,38.52,-28.7,63.52,66,0,10.49
59,Baculin,PH,2020-06-24 22:17:06,7.45,126.58,79.75,75,100,4.43
60,Ust-Kulom,RU,2020-06-24 22:17:06,61.69,53.69,37.45,96,59,6.11
61,Lagoa,PT,2020-06-24 22:14:38,39.05,-27.98,63.28,67,0,11.25
62,Kavieng,PG,2020-06-24 22:15:38,-2.57,150.8,84.6,70,62,12.12
63,Bredasdorp,ZA,2020-06-24 22:17:06,-34.53,20.04,51.8,100,0,4.07
64,Hermanus,ZA,2020-06-24 22:17:06,-34.42,19.23,60.35,60,0,3.89
65,Butaritari,KI,2020-06-24 22:17:07,3.07,172.79,83.61,77,89,11.86
66,Worthington,US,2020-06-24 22:15:45,40.09,-83.02,78.01,50,90,5.82
67,Saint-Philippe,RE,2020-06-24 22:14:03,-21.36,55.77,66.2,82,39,6.93
68,Hasaki,JP,2020-06-24 22:17:07,35.73,140.83,64.99,100,75,10.29
69,Thompson,CA,2020-06-24 22:17:07,55.74,-97.86,84.2,28,75,12.75
70,Kembe,CF,2020-06-24 22:17:07,4.62,21.89,71.29,91,91,2.3
71,Busselton,AU,2020-06-24 22:14:11,-33.65,115.33,50.0,73,98,6.93
72,Souillac,MU,2020-06-24 22:14:09,-20.52,57.52,71.6,83,40,9.17
73,Ponta Do Sol,PT,2020-06-24 22:17:07,32.67,-17.1,71.6,60,20,9.17
74,Dingle,PH,2020-06-24 22:17:08,11.0,122.67,78.71,85,100,4.79
75,Chirongui,YT,2020-06-24 22:17:08,-12.93,45.15,78.8,74,0,12.75
76,Port-Gentil,GA,2020-06-24 22:17:08,-0.72,8.78,75.2,88,90,12.75
77,Touros,BR,2020-06-24 22:17:08,-5.2,-35.46,75.2,78,100,4.7
78,Vuktyl,RU,2020-06-24 22:17:08,63.86,57.31,38.23,96,27,7.38
79,Kokopo,PG,2020-06-24 22:17:09,-4.35,152.26,82.42,75,2,11.43
80,Iqaluit,CA,2020-06-24 22:13:57,63.75,-68.51,46.0,81,90,3.36
81,Faanui,PF,2020-06-24 22:16:03,-16.48,-151.75,79.75,83,18,9.15
82,Lubango,AO,2020-06-24 22:17:09,-14.92,13.49,54.79,41,0,2.91
83,Kavaratti,IN,2020-06-24 22:14:37,10.57,72.64,83.23,75,99,12.28
84,Dangara,IN,2020-06-24 22:17:09,29.68,75.89,90.57,50,0,6.42
85,Tezontepec,MX,2020-06-24 22:17:09,19.88,-98.82,64.4,72,90,16.11
86,Port Alfred,ZA,2020-06-24 22:17:09,-33.59,26.89,68.0,31,0,7.0
87,Tahe,CN,2020-06-24 22:17:09,52.33,124.73,58.33,70,50,1.86
88,Cape Town,ZA,2020-06-24 22:14:01,-33.93,18.42,60.01,67,1,11.41
89,Glasgow,GB,2020-06-24 22:15:13,55.87,-4.26,61.0,93,12,3.36
90,Kapaa,US,2020-06-24 22:17:10,22.08,-159.32,82.4,65,1,10.29
91,Kurmanayevka,RU,2020-06-24 22:17:10,52.51,52.07,56.07,94,100,5.35
92,Mantua,IT,2020-06-24 22:14:43,45.17,10.78,73.0,60,19,3.0
93,Maceio,BR,2020-06-24 22:13:22,-9.67,-35.74,73.4,94,20,4.7
94,Warrnambool,AU,2020-06-24 22:17:10,-38.38,142.48,48.99,93,1,14.2
95,Yamada,JP,2020-06-24 22:17:10,39.47,141.95,62.94,86,100,3.8
96,Puerto Escondido,MX,2020-06-24 22:15:47,15.85,-97.07,86.0,70,90,4.7
97,Lahaina,US,2020-06-24 22:14:52,20.88,-156.68,87.8,78,75,11.41
98,Sola,VU,2020-06-24 22:14:16,-13.88,167.55,80.6,94,90,12.35
99,Batagay-Alyta,RU,2020-06-24 22:17:11,67.8,130.41,77.18,31,69,0.74
100,Gwadar,PK,2020-06-24 22:17:11,25.12,62.33,84.9,79,2,2.64
101,Lata,PT,2020-06-24 22:17:09,40.16,-8.33,64.99,82,22,3.56
102,Palasa,IN,2020-06-24 22:17:11,18.77,84.42,81.18,87,64,5.99
103,General Roca,AR,2020-06-24 22:17:11,-39.03,-67.58,48.2,49,84,4.7
104,Chavakkad,IN,2020-06-24 22:17:11,10.53,76.05,77.0,94,75,4.7
105,Sangar,RU,2020-06-24 22:17:11,63.92,127.47,66.15,50,0,5.1
106,Norman Wells,CA,2020-06-24 22:17:11,65.28,-126.83,50.0,87,90,10.29
107,Lucapa,AO,2020-06-24 22:17:11,-8.42,20.74,65.44,34,0,4.18
108,Guerrero Negro,MX,2020-06-24 22:17:11,27.98,-114.06,73.87,56,9,17.0
109,Muyezerskiy,RU,2020-06-24 22:17:11,63.93,31.65,64.45,67,100,9.51
110,Huilong,CN,2020-06-24 22:17:11,31.81,121.66,75.99,94,100,6.42
111,Provideniya,RU,2020-06-24 22:17:11,64.38,-173.3,42.8,62,75,13.42
112,Kampong Cham,KH,2020-06-24 22:17:12,11.99,105.46,77.72,90,87,4.16
113,Avera,US,2020-06-24 22:13:58,33.19,-82.53,87.8,52,40,9.17
114,Jamestown,US,2020-06-24 22:13:32,42.1,-79.24,69.01,52,20,13.87
115,Grand Gaube,MU,2020-06-24 22:17:12,-20.01,57.66,70.0,85,8,5.99
116,East London,ZA,2020-06-24 22:17:12,-33.02,27.91,68.88,26,0,6.62
117,Narsaq,GL,2020-06-24 22:17:12,60.92,-46.05,46.4,75,100,3.36
118,Nome,US,2020-06-24 22:14:13,64.5,-165.41,46.99,49,90,5.82
119,Hithadhoo,MV,2020-06-24 22:17:12,-0.6,73.08,83.08,78,98,10.58
120,Warri,NG,2020-06-24 22:13:33,5.52,5.75,76.14,94,96,3.02
121,Kahului,US,2020-06-24 22:12:51,20.89,-156.47,87.8,52,40,18.34
122,Airai,TL,2020-06-24 22:16:00,-8.93,125.41,57.24,100,47,3.76
123,Picton,AU,2020-06-24 22:15:23,-34.18,150.6,48.0,93,0,6.58
124,Sakakah,SA,2020-06-24 22:17:12,29.97,40.21,84.2,13,2,14.99
125,Winkler,CA,2020-06-24 22:16:07,49.18,-97.94,78.8,36,1,3.22
126,Alice Springs,AU,2020-06-24 22:15:15,-23.7,133.88,32.0,75,1,5.82
127,Katsuura,JP,2020-06-24 22:17:13,35.13,140.3,68.0,100,75,4.7
128,Birin,NP,2020-06-24 22:14:33,26.89,88.07,64.15,100,86,1.45
129,Vestmannaeyjar,IS,2020-06-24 22:17:13,63.44,-20.27,51.39,86,43,2.64
130,Dikson,RU,2020-06-24 22:14:38,73.51,80.55,39.85,81,99,12.21
131,Kamakhyanagar,IN,2020-06-24 22:17:13,20.93,85.55,81.05,85,62,4.99
132,Nikolskoye,RU,2020-06-24 22:17:13,59.7,30.79,62.6,82,49,4.47
133,Inta,RU,2020-06-24 22:17:13,66.03,60.17,43.16,86,99,6.58
134,Dakar,SN,2020-06-24 22:17:13,14.69,-17.44,80.6,88,75,6.93
135,Port Elizabeth,ZA,2020-06-24 22:14:14,-33.92,25.57,53.6,50,0,5.82
136,Chuy,UY,2020-06-24 22:17:13,-33.7,-53.46,62.2,98,99,2.19
137,Uspenka,UA,2020-06-24 22:17:13,48.39,39.16,61.12,83,0,11.41
138,Dong Xoai,VN,2020-06-24 22:17:13,11.53,106.92,75.99,96,71,0.81
139,Ancud,CL,2020-06-24 22:17:13,-41.87,-73.82,44.6,81,75,5.82
140,Sharjah,AE,2020-06-24 22:14:39,25.36,55.4,93.2,70,4,8.05
141,Shaoyang,CN,2020-06-24 22:17:14,27.23,111.45,73.74,97,100,0.89
142,Castro,BR,2020-06-24 22:17:14,-24.79,-50.01,57.25,87,18,4.65
143,Punta Arenas,CL,2020-06-24 22:14:08,-53.15,-70.92,39.2,80,75,18.34
144,Petropavlovsk-Kamchatskiy,RU,2020-06-24 22:13:47,53.05,158.65,62.6,67,9,6.71
145,Tiksi,RU,2020-06-24 22:13:52,71.69,128.87,65.14,45,16,2.8
146,Mamallapuram,IN,2020-06-24 22:17:14,12.63,80.17,82.4,74,40,8.05
147,Itarema,BR,2020-06-24 22:17:14,-2.92,-39.92,78.75,78,88,10.89
148,Kamenka,RU,2020-06-24 22:14:40,51.32,42.77,57.0,91,0,4.0
149,Melo,UY,2020-06-24 22:17:14,-32.37,-54.18,66.85,89,82,8.25
150,Price,US,2020-06-24 22:17:14,39.6,-110.81,91.4,13,1,9.17
151,Victoria,HK,2020-06-24 22:14:33,22.29,114.16,84.99,79,100,5.99
152,Bathurst,AU,2020-06-24 22:15:15,-33.42,149.58,44.01,90,93,6.78
153,Gogrial,SS,2020-06-24 22:17:14,8.53,28.1,78.44,67,60,2.8
154,Kafanchan,NG,2020-06-24 22:17:15,9.58,8.3,70.65,92,89,3.27
155,Alta Floresta,BR,2020-06-24 22:17:15,-9.88,-56.09,77.43,66,2,3.33
156,Poum,NC,2020-06-24 22:17:15,-20.23,164.02,71.74,64,6,11.9
157,Lebu,CL,2020-06-24 22:17:15,-37.62,-73.65,48.58,80,4,4.27
158,Barrow,US,2020-06-24 22:15:00,71.29,-156.79,35.6,74,40,6.93
159,Port Hardy,CA,2020-06-24 22:17:15,50.7,-127.42,59.0,77,75,17.22
160,Faya,SA,2020-06-24 22:17:15,18.39,42.45,71.6,46,52,5.3
161,Vila Velha,BR,2020-06-24 22:17:15,-20.33,-40.29,73.4,73,42,9.17
162,Palmer,US,2020-06-24 22:17:15,42.16,-72.33,87.01,30,40,12.75
163,Avarua,CK,2020-06-24 22:13:51,-21.21,-159.78,78.8,78,68,9.17
164,Port Lincoln,AU,2020-06-24 22:14:32,-34.73,135.87,55.27,78,6,11.07
165,Iwaki,JP,2020-06-24 22:17:16,37.05,140.88,64.0,93,100,3.56
166,Karratha,AU,2020-06-24 22:14:19,-20.74,116.85,66.09,62,0,6.11
167,Northam,GB,2020-06-24 22:14:31,51.03,-4.22,66.99,76,0,5.41
168,Dergachi,RU,2020-06-24 22:17:16,51.23,48.77,60.66,94,100,4.5
169,Labuhan,ID,2020-06-24 22:17:16,-6.88,112.21,75.38,86,82,6.96
170,Presidencia Roque Saenz Pena,AR,2020-06-24 22:17:16,-26.79,-60.44,73.24,68,100,12.91
171,Fukue,JP,2020-06-24 22:17:16,32.69,128.84,78.62,91,95,21.16
172,Yashkul,RU,2020-06-24 22:17:16,46.17,45.34,77.34,53,93,9.04
173,Poso,ID,2020-06-24 22:14:28,-1.4,120.75,77.29,74,99,3.6
174,Barranca,PE,2020-06-24 22:16:56,-10.75,-77.77,64.11,77,54,10.13
175,Kodiak,US,2020-06-24 22:17:16,57.79,-152.41,53.6,76,90,6.93
176,Wanaka,NZ,2020-06-24 22:13:14,-44.7,169.15,35.01,92,3,2.57
177,Pak Phanang,TH,2020-06-24 22:17:17,8.35,100.2,80.11,84,100,5.1
178,Fairmont,US,2020-06-24 22:17:17,39.49,-80.14,80.01,46,0,5.61
179,Rocha,UY,2020-06-24 22:17:17,-34.48,-54.33,58.03,95,97,4.27
180,Buchanan,LR,2020-06-24 22:17:17,5.88,-10.05,78.8,94,75,3.36
181,Suntar,RU,2020-06-24 22:17:17,62.14,117.63,62.15,87,49,1.77
182,Dhamrai,BD,2020-06-24 22:17:17,23.92,90.21,84.2,74,75,13.87
183,Kourou,GF,2020-06-24 22:17:17,5.16,-52.65,78.8,94,75,5.48
184,Hirara,JP,2020-06-24 22:17:17,24.8,125.28,84.2,83,75,12.75
185,Novo Cruzeiro,BR,2020-06-24 22:17:17,-17.47,-41.88,55.92,82,23,2.55
186,Katobu,ID,2020-06-24 22:17:17,-4.94,122.53,72.54,93,59,1.81
187,Esperance,AU,2020-06-24 22:13:54,-33.87,121.9,42.8,87,0,8.05
188,Ilinskiy,RU,2020-06-24 22:17:17,55.62,38.12,59.0,47,0,4.47
189,Korla,CN,2020-06-24 22:17:17,41.76,86.15,75.27,24,17,19.6
190,Fortuna,US,2020-06-24 22:17:18,40.6,-124.16,66.0,82,1,14.99
191,Gushikawa,JP,2020-06-24 22:17:18,26.35,127.87,80.01,94,75,8.05
192,Kalmunai,LK,2020-06-24 22:14:08,7.42,81.82,80.06,79,100,4.07
193,Karangasem,ID,2020-06-24 22:17:18,-8.45,115.62,77.0,100,40,4.7
194,Orchard Homes,US,2020-06-24 22:17:18,46.86,-114.05,89.6,22,1,5.82
195,College,US,2020-06-24 22:17:18,64.86,-147.8,59.0,67,90,6.93
196,Kirksville,US,2020-06-24 22:16:00,40.19,-92.58,78.8,47,20,3.13
197,Longyearbyen,SJ,2020-06-24 22:17:18,78.22,15.64,42.8,87,90,2.24
198,Tiznit,MA,2020-06-24 22:17:18,29.58,-9.5,65.79,80,7,1.34
199,Sur,OM,2020-06-24 22:17:18,22.57,59.53,83.75,82,0,7.16
200,Komono,JP,2020-06-24 22:17:18,35.0,136.52,77.0,100,75,8.05
201,Tsiroanomandidy,MG,2020-06-24 22:17:18,-18.77,46.03,64.11,81,18,3.47
202,Cherskiy,RU,2020-06-24 22:17:19,68.75,161.3,57.9,36,62,3.42
203,Qaanaaq,GL,2020-06-24 22:17:19,77.48,-69.36,39.78,71,76,8.48
204,Deputatskiy,RU,2020-06-24 22:17:19,69.3,139.9,72.77,34,0,3.51
205,Kousseri,CM,2020-06-24 22:13:41,12.08,15.03,87.8,52,53,8.05
206,Lushoto,TZ,2020-06-24 22:17:19,-4.78,38.28,54.72,100,40,4.18
207,Batavia,US,2020-06-24 22:13:13,41.85,-88.31,79.0,41,90,14.99
208,Kondinskoye,RU,2020-06-24 22:17:19,59.65,67.41,47.71,91,100,3.53
209,Port Augusta,AU,2020-06-24 22:17:19,-32.5,137.77,42.8,81,0,9.17
210,Adre,TD,2020-06-24 22:17:09,13.47,22.2,77.0,54,72,2.62
211,Cayenne,GF,2020-06-24 22:17:19,4.93,-52.33,78.8,94,75,6.51
212,Ketchikan,US,2020-06-24 22:17:20,55.34,-131.65,62.6,59,75,12.75
213,Agadez,NE,2020-06-24 22:13:07,19.75,10.25,85.21,13,0,0.07
214,Kenai,US,2020-06-24 22:17:20,60.55,-151.26,55.0,76,90,9.17
215,Nakhon Phanom,TH,2020-06-24 22:17:20,17.41,104.78,76.6,94,100,2.1
216,Barra Do Garcas,BR,2020-06-24 22:14:39,-15.89,-52.26,73.92,59,0,3.06
217,Rong Kwang,TH,2020-06-24 22:17:20,18.34,100.32,77.11,88,100,1.45
218,Bageshwar,IN,2020-06-24 22:12:23,29.85,79.77,72.45,74,64,0.85
219,Luba,GQ,2020-06-24 22:17:20,3.46,8.55,75.2,88,75,1.12
220,Tilichiki,RU,2020-06-24 22:14:09,60.47,166.1,59.47,54,19,6.35
221,Voskresenskoye,RU,2020-06-24 22:17:20,56.84,45.43,45.34,77,2,4.83
222,Mufumbwe,ZM,2020-06-24 22:17:20,-13.68,24.8,53.38,46,0,5.08
223,Inirida,CO,2020-06-24 22:17:20,3.87,-67.92,80.26,87,86,1.16
224,Poronaysk,RU,2020-06-24 22:17:20,49.22,143.12,46.89,97,100,5.77
225,Puerto Rico,AR,2020-06-24 22:17:20,-26.8,-55.02,71.91,60,9,5.1
226,Inuvik,CA,2020-06-24 22:17:21,68.35,-133.72,50.0,46,90,2.24
227,Moroni,KM,2020-06-24 22:17:21,-11.7,43.26,76.91,78,11,14.38
228,Aksarka,RU,2020-06-24 22:17:21,66.56,67.8,44.31,80,61,10.07
229,Padre Bernardo,BR,2020-06-24 22:17:21,-15.35,-48.5,71.49,61,12,6.55
230,Labrea,BR,2020-06-24 22:14:23,-7.26,-64.8,82.71,67,98,1.12
231,Jiuquan,CN,2020-06-24 22:17:21,39.74,98.52,61.07,28,11,1.03
232,Thinadhoo,MV,2020-06-24 22:14:40,0.53,72.93,83.5,79,85,12.66
233,Mareeba,AU,2020-06-24 22:17:21,-17.0,145.43,71.6,73,90,10.29
234,Kindersley,CA,2020-06-24 22:16:17,51.47,-109.17,75.2,64,75,10.29
235,Goderich,CA,2020-06-24 22:17:21,43.75,-81.72,68.0,70,0,18.7
236,Sonoita,MX,2020-06-24 22:17:22,31.85,-112.83,109.0,7,52,15.82
237,Konya,TR,2020-06-24 22:17:22,38.17,32.5,68.0,49,1,13.87
238,Ambilobe,MG,2020-06-24 22:17:22,-13.2,49.05,67.51,87,0,3.69
239,Isangel,VU,2020-06-24 22:17:22,-19.55,169.27,77.0,88,75,9.69
240,Zyryanka,RU,2020-06-24 22:17:22,65.75,150.85,79.61,28,33,2.57
241,Semnan,IR,2020-06-24 22:17:22,35.57,53.4,76.91,19,0,1.41
242,Takaka,NZ,2020-06-24 22:17:22,-40.85,172.8,54.0,67,100,8.99
243,Samarai,PG,2020-06-24 22:17:22,-10.62,150.67,79.63,85,62,18.01
244,Magaria,NE,2020-06-24 22:17:22,13.0,8.91,94.08,20,68,7.94
245,Lompoc,US,2020-06-24 22:14:46,34.64,-120.46,71.01,64,100,16.11
246,Yerbogachen,RU,2020-06-24 22:17:22,61.28,108.01,58.89,77,0,1.68
247,Piterka,RU,2020-06-24 22:17:22,50.68,47.45,60.67,94,100,4.63
248,Montague,US,2020-06-24 22:17:23,42.54,-72.54,87.01,37,32,8.5
249,Neiafu,TO,2020-06-24 22:17:23,-18.65,-173.98,78.8,83,40,6.93
250,Constitucion,CL,2020-06-24 22:17:23,-35.33,-72.42,50.22,78,99,9.93
251,Seaford,GB,2020-06-24 22:17:23,50.77,0.1,70.0,57,0,13.73
252,Bandarbeyla,SO,2020-06-24 22:14:31,9.49,50.81,81.43,70,0,24.11
253,Chengde,CN,2020-06-24 22:17:23,40.97,117.94,64.09,87,98,1.57
254,Vaitape,PF,2020-06-24 22:17:23,-16.52,-151.75,80.58,82,20,9.4
255,Hamilton,US,2020-06-24 22:17:23,39.18,-84.53,81.0,44,20,8.05
256,Estelle,US,2020-06-24 22:17:24,29.85,-90.11,78.01,100,90,3.36
257,Praia Da Vitoria,PT,2020-06-24 22:17:24,38.73,-27.07,64.4,77,20,9.28
258,Tigzirt,DZ,2020-06-24 22:17:24,36.89,4.12,77.23,53,21,5.23
259,Asbe Teferi,ET,2020-06-24 22:17:24,9.08,40.87,63.95,78,43,4.65
260,Bacolod,PH,2020-06-24 22:17:24,10.67,122.95,80.06,78,100,2.24
261,Namibe,AO,2020-06-24 22:14:26,-15.2,12.15,69.51,59,0,6.24
262,Vitim,RU,2020-06-24 22:17:24,59.45,112.56,57.36,85,94,1.83
263,Bonavista,CA,2020-06-24 22:17:24,48.65,-53.11,63.63,85,46,16.37
264,Sahuaripa,MX,2020-06-24 22:17:24,29.05,-109.23,110.77,8,0,9.44
265,Simpang,ID,2020-06-24 22:17:04,-1.27,104.08,74.46,93,100,2.26
266,Kuybyshevo,RU,2020-06-24 22:17:24,47.81,38.91,62.22,81,0,9.33
267,Bousso,TD,2020-06-24 22:17:24,10.48,16.71,85.64,53,85,9.66
268,Provost,CA,2020-06-24 22:17:25,52.35,-110.27,70.74,56,89,10.6
269,Dawson Creek,CA,2020-06-24 22:17:25,55.77,-120.24,71.6,35,1,6.93
270,Pisco,PE,2020-06-24 22:14:07,-13.7,-76.22,64.99,82,40,8.05
271,Leningradskiy,RU,2020-06-24 22:13:52,69.38,178.42,34.41,86,100,15.08
272,Kimbe,PG,2020-06-24 22:17:25,-5.55,150.14,79.66,80,2,4.07
273,Neuquen,AR,2020-06-24 22:17:25,-38.95,-68.06,48.2,49,74,4.7
274,Kota Kinabalu,MY,2020-06-24 22:17:25,5.97,116.07,77.0,100,20,2.24
275,Dudinka,RU,2020-06-24 22:17:25,69.41,86.18,55.4,76,75,4.47
276,Yulara,AU,2020-06-24 22:17:25,-25.24,130.99,39.2,51,98,5.82
277,Cockburn Town,TC,2020-06-24 22:17:25,21.46,-71.14,82.63,80,2,16.17
278,Mar Del Plata,AR,2020-06-24 22:14:13,-38.0,-57.56,54.0,76,91,9.17
279,Sampit,ID,2020-06-24 22:17:25,-2.53,112.95,71.91,97,45,0.67
280,Amberley,US,2020-06-24 22:17:25,39.2,-84.43,80.01,44,20,8.05
281,Ca Mau,VN,2020-06-24 22:15:45,9.18,105.15,78.94,91,100,4.03
282,Ekpoma,NG,2020-06-24 22:17:26,6.74,6.14,71.6,100,97,5.08
283,Zhanaozen,KZ,2020-06-24 22:17:26,43.3,52.8,82.76,20,0,10.33
284,Pangnirtung,CA,2020-06-24 22:15:09,66.15,-65.71,39.2,93,90,12.75
285,Cieza,ES,2020-06-24 22:17:26,38.24,-1.42,75.0,80,0,3.62
286,San Cristobal,VE,2020-06-24 22:17:26,7.77,-72.22,87.8,58,40,11.41
287,Sitka,US,2020-06-24 22:14:00,57.05,-135.33,53.6,71,90,10.29
288,Gigmoto,PH,2020-06-24 22:17:27,13.78,124.39,81.79,82,89,5.01
289,Saryozek,KZ,2020-06-24 22:17:27,44.36,77.98,53.96,42,0,0.94
290,Kandi,BJ,2020-06-24 22:17:27,11.13,2.94,83.66,55,43,5.28
291,Klaksvik,FO,2020-06-24 22:15:11,62.23,-6.59,50.0,93,41,16.11
292,Cabo San Lucas,MX,2020-06-24 22:17:27,22.89,-109.91,93.2,12,5,19.46
293,Keetmanshoop,NA,2020-06-24 22:17:27,-26.58,18.13,62.6,21,0,12.75
294,Sandi,IN,2020-06-24 22:17:27,27.3,79.95,91.38,55,99,8.16
295,Chokurdakh,RU,2020-06-24 22:17:27,70.63,147.92,72.77,34,40,4.47
296,Tasiilaq,GL,2020-06-24 22:14:27,65.61,-37.64,39.2,86,100,3.36
297,Paamiut,GL,2020-06-24 22:17:27,61.99,-49.67,40.59,94,100,6.91
298,Gouyave,GD,2020-06-24 22:17:27,12.16,-61.73,86.0,74,20,19.46
299,Oxford,GB,2020-06-24 22:15:00,51.75,-1.26,71.01,64,0,8.05
300,Mbanza-Ngungu,CD,2020-06-24 22:17:28,-5.25,14.87,69.89,75,10,8.28
301,Hualmay,PE,2020-06-24 22:17:28,-11.1,-77.61,64.85,76,51,10.83
302,Xiongzhou,CN,2020-06-24 22:17:28,25.12,114.3,77.77,89,100,3.42
303,Ayan,RU,2020-06-24 22:13:54,56.45,138.17,44.38,92,100,3.06
304,Quelimane,MZ,2020-06-24 22:17:28,-17.88,36.89,66.51,93,7,4.5
305,Vanimo,PG,2020-06-24 22:17:28,-2.67,141.3,79.9,79,57,6.11
306,Mendota,US,2020-06-24 22:17:28,36.75,-120.38,98.6,23,1,8.05
307,Saint-Joseph,RE,2020-06-24 22:17:28,-21.37,55.62,68.0,77,18,6.93
308,Veraval,IN,2020-06-24 22:17:28,20.9,70.37,85.42,75,2,6.58
309,Layou,VC,2020-06-24 22:17:28,13.2,-61.27,84.2,74,75,18.34
310,Santiago Del Estero,AR,2020-06-24 22:17:29,-27.8,-64.26,62.15,59,100,11.18
311,Banda Aceh,ID,2020-06-24 22:17:29,5.56,95.32,79.61,75,77,5.17
312,Pachino,IT,2020-06-24 22:17:29,36.72,15.09,69.01,84,0,1.01
313,Lubao,PH,2020-06-24 22:17:29,14.92,120.55,78.8,88,75,2.24
314,Koslan,RU,2020-06-24 22:17:29,63.46,48.9,39.33,95,86,5.46
315,Mount Isa,AU,2020-06-24 22:13:30,-20.73,139.5,39.2,55,0,12.39
316,Upernavik,GL,2020-06-24 22:14:22,72.79,-56.15,34.9,88,41,1.19
317,Sayyan,YE,2020-06-24 22:17:29,15.17,44.32,66.0,31,97,3.96
318,Half Moon Bay,US,2020-06-24 22:17:29,37.46,-122.43,80.01,53,5,11.41
319,Chardara,KZ,2020-06-24 22:17:29,41.25,67.97,74.08,33,0,2.62
320,Calvillo,MX,2020-06-24 22:17:30,21.85,-102.72,78.8,26,75,10.29
321,San Patricio,MX,2020-06-24 22:17:30,19.22,-104.7,86.0,74,40,9.17
322,Riyadh,SA,2020-06-24 22:16:44,24.69,46.72,86.0,15,0,8.05
323,Mehamn,NO,2020-06-24 22:13:53,71.04,27.85,48.2,76,75,18.34
324,Tuktoyaktuk,CA,2020-06-24 22:14:12,69.45,-133.04,44.6,56,40,4.7
325,Saint George,US,2020-06-24 22:14:57,37.1,-113.58,106.0,7,1,11.41
326,Boralday,KZ,2020-06-24 22:17:30,43.36,76.86,59.0,58,40,6.71
327,Nishihara,JP,2020-06-24 22:14:48,26.18,127.76,80.6,94,90,4.7
328,Marzuq,YE,2020-06-24 22:17:30,14.4,46.47,82.4,34,83,5.14
329,Nanortalik,GL,2020-06-24 22:15:20,60.14,-45.24,44.53,72,100,3.71
330,Zhangjiakou,CN,2020-06-24 22:17:30,40.81,114.88,63.79,67,42,3.4
331,Sokyryany,UA,2020-06-24 22:17:30,48.45,27.42,64.99,92,47,7.0
332,Yumen,CN,2020-06-24 22:17:30,40.28,97.2,62.78,25,22,5.01
333,Ko Samui,TH,2020-06-24 22:17:30,9.54,99.94,83.89,75,97,6.6
334,Kruisfontein,ZA,2020-06-24 22:17:31,-34.0,24.73,60.93,31,0,7.47
335,Pont-Saint-Esprit,FR,2020-06-24 22:17:31,44.25,4.65,72.0,68,0,3.36
336,Giyani,ZA,2020-06-24 22:17:31,-23.3,30.72,54.64,59,0,2.93
337,Kathmandu,NP,2020-06-24 22:17:31,27.72,85.32,71.6,100,75,2.24
338,Nioki,CD,2020-06-24 22:17:31,-2.72,17.68,77.99,47,1,0.38
339,Harbour Breton,CA,2020-06-24 22:17:31,47.48,-55.8,58.68,98,97,4.41
340,Saint-Denis,FR,2020-06-24 22:17:31,48.92,2.33,78.8,49,0,8.05
341,Quime,BO,2020-06-24 22:17:31,-16.98,-67.22,51.91,56,0,4.38
342,Oil City,US,2020-06-24 22:17:31,41.43,-79.71,73.99,52,20,10.29
343,Baherden,TM,2020-06-24 22:17:32,38.44,57.43,85.95,15,0,5.7
344,Haines Junction,CA,2020-06-24 22:13:46,60.75,-137.51,56.34,39,80,11.1
345,Eten,PE,2020-06-24 22:17:32,-6.91,-79.86,71.6,64,94,17.22
346,Fairbanks,US,2020-06-24 22:15:34,64.84,-147.72,59.0,71,40,4.7
347,Aguimes,ES,2020-06-24 22:17:32,27.91,-15.45,73.4,64,40,21.92
348,Uwajima,JP,2020-06-24 22:17:32,33.22,132.56,73.4,83,75,5.82
349,Husavik,IS,2020-06-24 22:17:32,66.04,-17.34,55.4,71,40,20.8
350,Botwood,CA,2020-06-24 22:17:32,49.15,-55.35,79.0,63,24,1.01
351,Lorengau,PG,2020-06-24 22:14:09,-2.02,147.27,83.05,80,3,11.52
352,Ostrovnoy,RU,2020-06-24 22:17:32,68.05,39.51,41.77,87,100,3.6
353,Sao Filipe,CV,2020-06-24 22:17:32,14.9,-24.5,75.78,84,28,5.95
354,Olafsvik,IS,2020-06-24 22:17:33,64.89,-23.71,50.86,82,14,7.63
355,Sarakhs,IR,2020-06-24 22:17:33,36.54,61.16,77.0,27,0,2.24
356,Cervo,ES,2020-06-24 22:17:33,43.67,-7.41,63.0,87,47,4.47
357,Mayumba,GA,2020-06-24 22:17:33,-3.43,10.66,73.6,83,95,6.55
358,Mormugao,IN,2020-06-24 22:17:33,15.4,73.8,80.6,94,40,5.82
359,Puerto Del Rosario,ES,2020-06-24 22:17:33,28.5,-13.86,73.4,69,20,19.46
360,Flin Flon,CA,2020-06-24 22:16:07,54.77,-101.86,80.6,30,75,10.29
361,Kirakira,SB,2020-06-24 22:17:33,-10.45,161.92,82.78,72,4,5.84
362,Kambove,CD,2020-06-24 22:17:33,-10.88,26.6,55.27,55,0,3.87
363,Morant Bay,JM,2020-06-24 22:17:34,17.88,-76.41,87.01,79,20,18.34
364,Ilulissat,GL,2020-06-24 22:13:49,69.22,-51.1,41.0,80,29,5.82
365,Vostok,RU,2020-06-24 22:17:34,46.49,135.88,52.52,100,100,2.55
366,Sweetwater,US,2020-06-24 22:17:34,25.76,-80.37,91.4,59,40,10.29
367,Yenagoa,NG,2020-06-24 22:17:34,4.92,6.26,75.99,93,100,4.47
368,Tessalit,ML,2020-06-24 22:14:42,20.2,1.01,97.3,13,76,6.71
369,Ust-Tsilma,RU,2020-06-24 22:17:34,65.44,52.15,43.12,94,100,7.96
370,Port Blair,IN,2020-06-24 22:14:03,11.67,92.75,81.97,82,76,9.73
371,Mirnyy,RU,2020-06-24 22:17:34,62.54,113.96,57.2,100,40,6.71
372,Necochea,AR,2020-06-24 22:17:34,-38.55,-58.74,48.0,92,100,4.0
373,Gelemso,ET,2020-06-24 22:17:35,8.82,40.52,62.91,84,63,4.36
374,Davila,PH,2020-06-24 22:17:35,18.47,120.58,77.0,94,20,4.09
375,Lapua,FI,2020-06-24 22:15:39,62.97,23.01,63.0,93,51,0.81
376,Lodja,CD,2020-06-24 22:17:35,-3.48,23.43,75.04,50,1,1.81
377,Guiyang,CN,2020-06-24 22:17:35,26.58,106.72,68.0,100,90,4.47
378,Kudahuvadhoo,MV,2020-06-24 22:17:35,2.67,72.89,83.39,77,56,14.07
379,Mackay,AU,2020-06-24 22:14:21,-21.15,149.2,52.0,93,0,4.7
380,Black River,JM,2020-06-24 22:17:35,18.03,-77.85,89.01,74,20,12.75
381,Karasjok,NO,2020-06-24 22:17:36,69.47,25.51,50.0,71,44,11.41
382,Escanaba,US,2020-06-24 22:17:36,45.75,-87.06,72.0,40,90,3.36
383,Lobito,AO,2020-06-24 22:17:36,-12.35,13.55,71.06,74,0,1.7
384,Prince George,CA,2020-06-24 22:17:36,53.92,-122.75,73.99,52,20,6.93
385,The Valley,AI,2020-06-24 22:12:46,18.22,-63.06,87.8,66,20,17.22
386,Saldanha,ZA,2020-06-24 22:17:36,-33.01,17.94,53.6,87,0,5.82
387,Grand Forks,US,2020-06-24 22:14:52,47.93,-97.03,80.6,28,20,0.85
388,Falun,SE,2020-06-24 22:17:36,60.6,15.63,73.4,43,0,5.82
389,Rudbar,AF,2020-06-24 22:17:36,30.15,62.6,83.17,18,0,14.45
390,Portland,US,2020-06-24 22:16:00,45.52,-122.68,78.01,57,75,3.36
391,Santa Vitoria Do Palmar,BR,2020-06-24 22:17:36,-33.52,-53.37,65.12,95,98,4.85
392,Salalah,OM,2020-06-24 22:14:10,17.02,54.09,84.2,83,38,4.7
393,Vardo,NO,2020-06-24 22:17:36,70.37,31.11,48.2,76,91,10.29
394,Bayan,CN,2020-06-24 22:17:36,46.08,127.4,59.95,81,17,3.04
395,Areosa,PT,2020-06-24 22:17:08,41.72,-8.86,64.99,93,75,8.05
396,Savonlinna,FI,2020-06-24 22:17:37,61.87,28.88,64.4,72,100,2.24
397,Anjozorobe,MG,2020-06-24 22:17:37,-18.4,47.87,60.8,87,90,5.82
398,Mabama,TZ,2020-06-24 22:17:37,-5.13,32.53,68.0,68,20,11.41
399,Sioux Lookout,CA,2020-06-24 22:14:27,50.1,-91.92,75.2,33,20,9.17
400,Sarkand,KZ,2020-06-24 22:17:37,45.41,79.92,59.79,34,0,7.18
401,Puerto Maldonado,PE,2020-06-24 22:17:37,-12.6,-69.18,80.4,77,95,2.91
402,Bizhbulyak,RU,2020-06-24 22:17:37,53.7,54.26,48.9,92,80,7.7
403,Jiwani,PK,2020-06-24 22:17:37,25.05,61.74,85.08,78,0,1.92
404,Salvador,SV,2020-06-24 22:17:37,13.83,-88.92,82.4,74,75,14.99
405,Doka,SD,2020-06-24 22:17:37,13.52,35.77,83.3,56,57,13.87
406,Hanyang,CN,2020-06-24 22:17:37,32.14,105.51,71.35,91,76,1.92
407,Naze,JP,2020-06-24 22:17:37,28.37,129.48,80.6,94,75,12.75
408,Mindelo,CV,2020-06-24 22:17:38,16.89,-24.98,77.0,78,75,17.22
409,Pangody,RU,2020-06-24 22:17:38,65.85,74.49,50.4,83,99,7.54
410,Carthage,TN,2020-06-24 22:17:38,36.86,10.33,77.0,53,20,8.05
411,Turukhansk,RU,2020-06-24 22:17:38,65.82,87.98,55.54,81,28,1.5
412,Sainte-Rose,GP,2020-06-24 22:17:38,16.33,-61.7,80.6,78,21,12.75
413,Beroroha,MG,2020-06-24 22:17:38,-21.67,45.17,68.72,70,0,2.95
414,Vao,NC,2020-06-24 22:15:36,-22.67,167.48,70.32,62,25,13.0
415,Grindavik,IS,2020-06-24 22:17:38,63.84,-22.43,48.2,87,75,8.05
416,Zalantun,CN,2020-06-24 22:17:38,48.0,122.72,54.61,76,14,8.61
417,Broken Hill,AU,2020-06-24 22:17:38,-31.95,141.43,37.4,86,0,3.36
418,Bam,IR,2020-06-24 22:17:39,29.11,58.36,86.07,14,0,12.1
419,Qujing,CN,2020-06-24 22:17:39,25.48,103.78,59.32,92,100,1.05
420,Santander,ES,2020-06-24 22:15:38,43.46,-3.8,68.0,82,99,2.24
421,Laguna,US,2020-06-24 22:14:56,38.42,-121.42,97.0,30,1,4.7
422,Aktau,KZ,2020-06-24 22:17:39,43.65,51.2,77.0,47,1,4.47
423,Shunyi,CN,2020-06-24 22:17:39,40.12,116.65,78.01,88,100,4.5
424,Bathsheba,BB,2020-06-24 22:17:39,13.22,-59.52,84.2,70,40,23.04
425,La Rioja,ES,2020-06-24 22:17:39,42.25,-2.5,61.47,73,100,2.17
426,Rio Bueno,CL,2020-06-24 22:17:39,-40.32,-72.97,46.4,75,3,4.7
427,Storforshei,NO,2020-06-24 22:17:39,66.4,14.52,55.0,81,100,4.0
428,San Lorenzo,PY,2020-06-24 22:17:40,-25.33,-57.53,78.8,61,100,8.05
429,Lavrentiya,RU,2020-06-24 22:14:10,65.58,-171.0,39.25,70,100,8.46
430,Jizan,SA,2020-06-24 22:17:40,17.33,42.67,91.4,70,92,6.93
431,Terra Rica,BR,2020-06-24 22:17:40,-22.71,-52.62,69.17,64,92,7.7
432,San Jeronimo,PE,2020-06-24 22:17:40,-11.95,-75.28,60.19,39,55,5.19
433,Taft,IR,2020-06-24 22:17:40,31.75,54.21,87.8,15,0,2.24
434,Ossora,RU,2020-06-24 22:17:40,59.24,163.07,63.43,56,48,6.6
435,Barcelos,PT,2020-06-24 22:14:50,41.54,-8.62,62.01,93,75,8.05
436,Lazaro Cardenas,MX,2020-06-24 22:17:40,17.96,-102.2,83.14,74,10,16.4
437,Geraldton,AU,2020-06-24 22:17:40,-28.77,114.6,55.4,71,3,9.17
438,Traverse City,US,2020-06-24 22:16:52,44.76,-85.62,69.8,52,75,14.99
439,Trinidad,BO,2020-06-24 22:17:40,-14.83,-64.9,80.78,69,95,4.85
440,Dawlatabad,AF,2020-06-24 22:17:40,36.41,64.91,79.12,17,0,3.18
441,Tandil,AR,2020-06-24 22:15:43,-37.32,-59.13,50.0,54,95,5.99
442,Vila Franca Do Campo,PT,2020-06-24 22:17:41,37.72,-25.43,60.8,72,20,4.7
443,Taltal,CL,2020-06-24 22:17:41,-25.4,-70.48,58.41,76,76,3.83
444,Sinnar,SD,2020-06-24 22:14:12,13.57,33.57,85.57,45,95,12.28
445,San Rafael,AR,2020-06-24 22:17:41,-34.62,-68.33,45.61,57,57,2.59
446,Tondano,ID,2020-06-24 22:17:41,1.3,124.91,75.2,94,40,1.97
447,Ushtobe,KZ,2020-06-24 22:17:41,45.25,77.98,62.71,48,2,4.97
448,San Jose,US,2020-06-24 22:15:34,37.34,-121.89,91.99,42,20,5.82
449,Bony,HU,2020-06-24 22:15:07,47.65,17.87,55.4,87,0,5.82
450,Pulandian,CN,2020-06-24 22:17:41,39.4,121.97,68.0,88,40,4.47
451,Lanzhou,CN,2020-06-24 22:17:42,36.06,103.79,68.0,91,24,1.28
452,Quatre Cocos,MU,2020-06-24 22:17:42,-20.21,57.76,71.6,83,40,9.17
453,Maraba,BR,2020-06-24 22:17:42,-5.37,-49.12,89.6,52,20,3.36
454,Azare,NG,2020-06-24 22:17:42,11.68,10.19,86.52,54,95,18.32
455,Kajaani,FI,2020-06-24 22:17:42,64.23,27.73,62.6,77,69,2.24
456,Beloha,MG,2020-06-24 22:17:42,-25.17,45.05,62.29,94,2,7.65
457,Payo,ID,2020-06-24 22:17:42,-3.75,103.64,70.16,89,86,1.03
458,Yar-Sale,RU,2020-06-24 22:14:12,66.83,70.83,45.97,68,45,7.58
459,Monrovia,LR,2020-06-24 22:14:51,6.3,-10.8,78.8,94,75,3.36
460,Luorong,CN,2020-06-24 22:17:42,24.41,109.61,76.39,95,100,6.78
461,Anadyr,RU,2020-06-24 22:17:42,64.75,177.48,42.01,93,75,15.66
462,Santa Rosa,PH,2020-06-24 22:17:42,14.31,121.11,82.4,83,20,1.12
463,Tura,IN,2020-06-24 22:17:42,25.52,90.22,75.34,93,100,6.55
464,Malappuram,IN,2020-06-24 22:17:43,11.07,76.07,77.0,88,75,3.36
465,Sidi Ali,DZ,2020-06-24 22:17:43,36.1,0.42,75.06,59,16,3.83
466,Bima,ID,2020-06-24 22:17:43,-8.47,118.72,71.22,88,91,3.94
467,Biak,ID,2020-06-24 22:17:43,-0.91,122.88,76.12,84,100,7.4
468,Tanhacu,BR,2020-06-24 22:17:43,-14.02,-41.25,70.7,63,24,1.95
469,Talnakh,RU,2020-06-24 22:15:00,69.49,88.4,55.4,76,77,4.47
470,Huarmey,PE,2020-06-24 22:14:18,-10.07,-78.15,65.68,75,71,9.17
471,Eirunepe,BR,2020-06-24 22:15:27,-6.66,-69.87,80.6,79,89,3.42
472,Harper,LR,2020-06-24 22:17:43,4.38,-7.72,76.42,84,46,8.05
473,Muros,ES,2020-06-24 22:14:17,42.78,-9.06,64.0,82,60,8.01
474,Lumphat,KH,2020-06-24 22:17:43,13.49,106.98,74.66,97,74,1.14
475,Petrov Val,RU,2020-06-24 22:17:43,50.14,45.21,59.32,89,26,8.43
476,Minab,IR,2020-06-24 22:14:43,27.15,57.08,89.6,66,20,2.24
477,Clonakilty,IE,2020-06-24 22:17:43,51.62,-8.87,61.0,87,40,11.41
478,Tual,ID,2020-06-24 22:15:30,-5.67,132.75,79.86,81,72,22.28
479,Sao Joao Da Barra,BR,2020-06-24 22:14:29,-21.64,-41.05,73.4,78,12,11.41
480,Baillif,GP,2020-06-24 22:17:44,16.02,-61.75,80.6,78,8,12.75
481,Peniche,PT,2020-06-24 22:17:44,39.36,-9.38,64.99,82,39,11.01
482,Qax,AZ,2020-06-24 22:17:44,41.42,46.92,80.6,42,0,11.41
483,Americus,US,2020-06-24 22:17:44,32.07,-84.23,73.4,88,100,11.16
484,Brae,GB,2020-06-24 22:17:44,60.4,-1.35,51.8,87,41,10.29
485,Port Hedland,AU,2020-06-24 22:17:44,-20.32,118.57,55.4,82,0,8.05
486,Rudolstadt,DE,2020-06-24 22:17:44,50.72,11.33,62.01,76,18,1.66
487,Skjervoy,NO,2020-06-24 22:17:44,70.03,20.97,50.52,74,38,7.25
488,Slavsk,RU,2020-06-24 22:17:45,55.04,21.68,62.01,87,0,5.08
489,Zhigansk,RU,2020-06-24 22:15:08,66.77,123.37,67.86,56,31,11.14
490,Kongolo,CD,2020-06-24 22:14:25,-5.38,27.0,73.94,51,17,3.65
491,Novobirilyussy,RU,2020-06-24 22:17:45,56.95,90.67,59.09,96,95,3.71
492,Kangaba,ML,2020-06-24 22:17:45,11.93,-8.42,80.08,59,81,6.91
493,Mwinilunga,ZM,2020-06-24 22:17:45,-11.74,24.43,52.86,48,0,3.62
494,Ardakan,IR,2020-06-24 22:17:45,32.31,54.02,87.8,15,0,2.24
495,Kholodnyy,RU,2020-06-24 22:17:45,62.72,147.95,69.69,48,4,0.51
496,Ponta Delgada,PT,2020-06-24 22:17:45,37.73,-25.67,60.8,72,20,4.7
497,Mhango,TZ,2020-06-24 22:17:45,-3.28,32.85,68.77,60,75,8.48
498,Aquiraz,BR,2020-06-24 22:14:19,-3.9,-38.39,78.8,74,90,5.82
499,Okha,RU,2020-06-24 22:17:45,53.57,142.95,44.92,89,100,14.7
500,Namasuba,UG,2020-06-24 22:17:45,0.69,32.42,62.2,86,5,1.36
501,Wonthaggi,AU,2020-06-24 22:17:46,-38.6,145.59,53.01,93,98,12.35
502,Egvekinot,RU,2020-06-24 22:17:46,66.32,-179.17,33.55,97,100,3.36
503,Xinyang,CN,2020-06-24 22:17:46,32.12,114.07,73.49,86,0,3.87
504,Coruripe,BR,2020-06-24 22:17:46,-10.13,-36.18,75.2,84,15,9.37
505,Westport,US,2020-06-24 22:17:10,41.14,-73.36,84.99,46,23,9.6
506,Isoka,ZM,2020-06-24 22:17:46,-10.16,32.63,55.67,95,8,1.1
507,Andenes,NO,2020-06-24 22:17:46,69.31,16.12,51.8,87,88,4.7
508,Hami,CN,2020-06-24 22:14:33,42.8,93.45,80.85,19,99,13.87
509,Bintulu,MY,2020-06-24 22:17:46,3.17,113.03,77.0,94,40,2.24
510,Woodstock,CA,2020-06-24 22:16:41,43.13,-80.75,66.2,59,75,6.93
511,Havoysund,NO,2020-06-24 22:17:46,71.0,24.66,46.4,87,0,11.41
512,Kargasok,RU,2020-06-24 22:17:47,59.06,80.86,51.94,84,100,4.18
513,Nachingwea,TZ,2020-06-24 22:17:47,-10.38,38.77,64.89,90,0,3.91
514,Teya,RU,2020-06-24 22:17:47,60.38,92.63,61.36,82,100,1.68
515,Aksu,CN,2020-06-24 22:17:47,41.12,80.26,74.16,32,92,7.43
516,Ormara,PK,2020-06-24 22:17:47,25.21,64.64,85.95,80,20,6.6
517,La Ronge,CA,2020-06-24 22:17:47,55.1,-105.28,66.2,88,75,3.36
518,Toora-Khem,RU,2020-06-24 22:17:47,52.47,96.11,51.93,75,0,0.87
519,Coahuayana,MX,2020-06-24 22:17:47,18.73,-103.68,82.4,69,75,17.22
520,Waipawa,NZ,2020-06-24 22:17:47,-41.41,175.52,52.0,71,100,4.0
521,Acajutla,SV,2020-06-24 22:17:47,13.59,-89.83,89.6,52,20,4.7
522,Van Wert,US,2020-06-24 22:14:28,40.87,-84.58,78.8,31,75,9.17
523,Ahipara,NZ,2020-06-24 22:17:47,-35.17,173.17,58.91,87,35,5.53
524,Pangai,TO,2020-06-24 22:17:48,-19.8,-174.35,78.8,74,20,8.05
525,Soyo,AO,2020-06-24 22:17:48,-6.13,12.37,73.67,84,13,6.04
526,Newport,GB,2020-06-24 22:17:34,51.59,-3.0,73.0,71,0,6.42
527,Sorong,ID,2020-06-24 22:17:48,-0.88,131.25,78.22,88,100,9.93
528,Ixtapa,MX,2020-06-24 22:17:48,20.7,-105.2,86.0,74,75,17.22
529,Kysyl-Syr,RU,2020-06-24 22:17:48,63.9,122.76,68.41,60,8,6.46
530,Vilyuysk,RU,2020-06-24 22:17:48,63.76,121.62,69.53,52,12,2.48
531,Muncar,ID,2020-06-24 22:17:48,-8.43,114.33,73.47,84,97,2.75
532,Yelatma,RU,2020-06-24 22:17:48,54.97,41.75,50.54,74,0,7.27
533,Pacific Grove,US,2020-06-24 22:17:48,36.62,-121.92,66.2,68,1,13.87
534,Smithers,CA,2020-06-24 22:15:01,54.78,-127.17,68.0,42,40,10.29
535,Prince Rupert,CA,2020-06-24 22:14:02,54.32,-130.32,57.2,76,1,9.17
536,Sinfra,CI,2020-06-24 22:17:48,6.62,-5.92,72.16,97,18,3.36
537,Luwuk,ID,2020-06-24 22:17:49,-0.95,122.79,76.64,80,100,5.97
538,Khairpur Nathan Shah,PK,2020-06-24 22:17:49,27.09,67.73,97.21,40,64,12.66
539,Sobolevo,RU,2020-06-24 22:13:51,54.43,31.9,60.67,77,3,4.61
540,Sao Gabriel Da Cachoeira,BR,2020-06-24 22:17:49,-0.13,-67.09,77.72,95,94,2.71
541,Aberdeen,GB,2020-06-24 22:17:49,57.14,-2.1,57.99,87,3,2.24
542,Luwero,UG,2020-06-24 22:17:49,0.85,32.47,63.68,82,2,1.66
543,Mehriz,IR,2020-06-24 22:17:49,31.59,54.43,87.8,15,0,2.24
544,Dubrovka,RU,2020-06-24 22:17:49,53.69,33.51,59.47,86,0,6.62
545,Date,JP,2020-06-24 22:17:49,42.47,140.87,60.44,79,100,9.93
546,Inhambane,MZ,2020-06-24 22:17:49,-23.86,35.38,66.27,77,11,6.24
547,Tapalpa,MX,2020-06-24 22:17:49,19.95,-103.77,65.43,80,100,4.76
548,Chapleau,CA,2020-06-24 22:17:49,47.84,-83.4,51.8,100,90,10.29
549,Santa Maria,BR,2020-06-24 22:17:50,-29.68,-53.81,80.6,47,75,10.29
550,Severodvinsk,RU,2020-06-24 22:17:50,64.56,39.83,44.6,93,20,3.15
551,Wanning,CN,2020-06-24 22:17:50,18.8,110.4,82.44,88,100,12.59
552,Ippy,CF,2020-06-24 22:17:50,6.27,21.22,70.83,95,89,1.83
553,Two Hills,CA,2020-06-24 22:17:50,53.72,-111.75,69.85,55,100,2.08
554,Adrar,MR,2020-06-24 22:17:50,20.5,-10.07,99.07,13,2,2.98
555,Miri,MY,2020-06-24 22:13:29,4.41,114.01,77.0,94,90,8.05
556,Kansanshi,ZM,2020-06-24 22:17:50,-12.1,26.43,52.56,52,0,3.18
557,Dunedin,NZ,2020-06-24 22:17:50,-45.87,170.5,46.99,93,99,12.71
558,Nuuk,GL,2020-06-24 22:17:50,64.18,-51.72,44.6,70,80,4.7
559,Namatanai,PG,2020-06-24 22:17:50,-3.67,152.43,82.24,71,48,7.05
560,Nadadores,MX,2020-06-24 22:17:50,27.05,-101.6,41.0,86,75,28.86
561,Hambantota,LK,2020-06-24 22:17:50,6.12,81.12,77.0,100,90,2.24
562,Nokaneng,BW,2020-06-24 22:17:51,-19.67,22.27,51.44,46,0,6.2
563,Izhma,RU,2020-06-24 22:17:51,65.01,53.91,42.67,95,100,7.61
564,Shihezi,CN,2020-06-24 22:17:51,44.3,86.03,71.65,40,99,2.91
565,Honiara,SB,2020-06-24 22:17:51,-9.43,159.95,77.0,83,20,5.82
566,Broome,US,2020-06-24 22:17:51,42.25,-75.83,73.99,46,20,9.17
567,Charters Towers,AU,2020-06-24 22:17:52,-20.1,146.27,57.49,68,0,3.2
568,Rockhampton,AU,2020-06-24 22:17:52,-23.38,150.5,48.2,81,0,3.67
569,Srednekolymsk,RU,2020-06-24 22:14:04,67.45,153.68,73.22,28,62,5.37
570,Ulladulla,AU,2020-06-24 22:17:52,-35.35,150.47,50.0,76,2,12.75
571,Qostanay,KZ,2020-06-24 22:17:52,53.17,63.58,50.0,81,86,6.71
572,Tezu,IN,2020-06-24 22:17:52,27.92,96.17,75.38,87,100,2.21
